CODISTAT_COMUNE_DOM,COMUNE_DOM,PROVINCIA_DOM,TOT_DOSE1,TOT_DOSE2
098020,COMAZZO,LODI,1309,470
020068,VILLIMPENTA,MANTOVA,1158,467
016180,RIVA DI SOLTO,BERGAMO,642,378
018053,COPIANO,PAVIA,1126,541
018009,BASCAPE',PAVIA,1130,498
012060,CUNARDO,VARESE,1587,781
012049,CAZZAGO BRABBIA,VARESE,470,235
017166,ROVATO,BRESCIA,11351,4691
018027,CANDIA LOMELLINA,PAVIA,859,429
017067,DESENZANO DEL GARDA,BRESCIA,17012,7998
013022,BEREGAZZO CON FIGLIARO,COMO,1725,801
019063,OLMENETA,CREMONA,588,267
012056,CREMENAGA,VARESE,391,200
017204,VOBARNO,BRESCIA,4757,2005
108003,ALBIATE,MONZA E DELLA BRIANZA,4002,1790
019103,STAGNO LOMBARDO,CREMONA,980,490
098001,ABBADIA CERRETO,LODI,207,88
015087,CORNAREDO,MILANO,13648,6312
015134,MARCALLO CON CASONE,MILANO,3935,1690
018048,CHIGNOLO PO,PAVIA,2309,1147
012061,CURIGLIA CON MONTEVIASCO,VARESE,84,49
016071,CERETE,BERGAMO,1129,594
013085,CUSINO,COMO,136,47
015108,GORGONZOLA,MILANO,12964,5719
012082,INARZO,VARESE,657,299
015237,VIGNATE,MILANO,5714,2415
020007,BOZZOLO,MANTOVA,2278,1157
097086,VERCURAGO,LECCO,1993,1025
097020,CERNUSCO LOMBARDONE,LECCO,2515,1162
016097,FARA OLIVANA CON SOLA,BERGAMO,797,349
018045,CERGNAGO,PAVIA,424,211
019073,PIERANICA,CREMONA,745,319
014022,CIVO,SONDRIO,753,357
013199,RONAGO,COMO,978,415
012069,FERRERA DI VARESE,VARESE,374,164
018187,ZENEVREDO,PAVIA,282,133
012054,COMABBIO,VARESE,691,313
098017,CAVENAGO D'ADDA,LODI,1376,616
098025,CRESPIATICA,LODI,1308,515
019076,PIZZIGHETTONE,CREMONA,4229,2101
020047,QUISTELLO,MANTOVA,3233,1519
097035,ESINO LARIO,LECCO,498,270
015085,CORBETTA,MILANO,11752,5360
012116,RANCO,VARESE,686,301
013245,VILLA GUARDIA,COMO,5184,2361
017069,ERBUSCO,BRESCIA,5532,2174
019108,TORRICELLA DEL PIZZO,CREMONA,321,143
018127,ROGNANO,PAVIA,348,111
108053,CORNATE D'ADDA,MONZA E DELLA BRIANZA,6559,2801
016147,OLTRESSENDA ALTA,BERGAMO,108,57
018169,VALLE SALIMBENE,PAVIA,1027,492
016174,PREDORE,BERGAMO,1272,758
016023,BERBENNO,BERGAMO,1638,863
017055,CIVIDATE CAMUNO,BRESCIA,1843,903
018192,CORTEOLONA E GENZONE,PAVIA,1414,685
017056,COCCAGLIO,BRESCIA,5411,2255
014078,VILLA DI TIRANO,SONDRIO,1964,1040
016213,TERNO D'ISOLA,BERGAMO,4480,1836
108004,ARCORE,MONZA E DELLA BRIANZA,11372,4962
013074,COLONNO,COMO,284,148
016210,TALEGGIO,BERGAMO,298,154
012053,COCQUIO-TREVISAGO,VARESE,2892,1463
012045,CASTELVECCANA,VARESE,1101,560
016017,AZZONE,BERGAMO,265,120
016076,CIVIDATE AL PIANO,BERGAMO,3211,1889
018005,ARENA PO,PAVIA,938,478
017023,BOTTICINO,BRESCIA,7481,3198
016119,GRONE,BERGAMO,492,247
018102,MORTARA,PAVIA,8701,4054
012114,PORTO VALTRAVAGLIA,VARESE,1363,735
017162,ROCCAFRANCA,BRESCIA,2674,1310
017017,BERZO INFERIORE,BRESCIA,1705,847
012032,CARDANO AL CAMPO,VARESE,8776,3981
016169,PONTERANICA,BERGAMO,4253,2227
014024,COSIO VALTELLINO,SONDRIO,3533,1621
013228,UGGIATE-TREVANO,COMO,3183,1325
013036,CADORAGO,COMO,5025,2248
020050,RIVAROLO MANTOVANO,MANTOVA,1497,807
013021,BENE LARIO,COMO,199,65
016178,RANICA,BERGAMO,3809,1935
014016,CEDRASCO,SONDRIO,302,160
013007,ALZATE BRIANZA,COMO,3523,1596
098041,MULAZZANO,LODI,3810,1604
013233,VAL REZZO,COMO,71,19
018016,BORGO PRIOLO,PAVIA,756,401
016018,BAGNATICA,BERGAMO,2684,1162
013013,ASSO,COMO,2321,1078
013089,DOMASO,COMO,951,464
017075,GARDONE VAL TROMPIA,BRESCIA,7296,3438
017134,PARATICO,BRESCIA,3005,1571
018141,SANT'ALESSIO CON VIALONE,PAVIA,619,274
019029,CHIEVE,CREMONA,1388,562
018161,TORRICELLA VERZATE,PAVIA,528,293
016060,CASNIGO,BERGAMO,1928,928
020056,SAN GIACOMO DELLE SEGNATE,MANTOVA,949,396
012063,CUVIO,VARESE,1022,513
012016,BODIO LOMNAGO,VARESE,1523,821
018111,PIETRA DE' GIORGI,PAVIA,453,235
020053,ROVERBELLA,MANTOVA,4540,1801
019098,SORESINA,CREMONA,5136,2856
020070,VOLTA MANTOVANA,MANTOVA,3985,1774
017036,CAPOVALLE,BRESCIA,238,110
098015,CASTIRAGA VIDARDO,LODI,1758,769
012003,ANGERA,VARESE,3321,1648
013246,ZELBIO,COMO,91,37
012014,BIANDRONNO,VARESE,2056,999
013026,BLEVIO,COMO,720,333
108033,MONZA,MONZA E DELLA BRIANZA,78310,37382
013023,BINAGO,COMO,3045,1297
019115,VOLTIDO,CREMONA,222,102
015151,MOTTA VISCONTI,MILANO,4930,2022
019046,GADESCO PIEVE DELMONA,CREMONA,1184,573
015230,VAPRIO D'ADDA,MILANO,5323,2328
017152,PRALBOINO,BRESCIA,1828,828
019081,RIPALTA CREMASCA,CREMONA,2331,1046
108007,BERNAREGGIO,MONZA E DELLA BRIANZA,7196,2877
016107,GANDELLINO,BERGAMO,681,351
012084,ISPRA,VARESE,3147,1634
016245,ZANICA,BERGAMO,5284,2153
018165,TROVO,PAVIA,579,225
013012,AROSIO,COMO,3517,1527
016153,OSIO SOTTO,BERGAMO,7560,3291
017144,POLAVENO,BRESCIA,1661,725
019065,PADERNO PONCHIELLI,CREMONA,833,429
013170,ORSENIGO,COMO,1875,811
015177,POZZO D'ADDA,MILANO,3563,1462
016069,CENATE SOTTO,BERGAMO,2215,944
013223,TORNO,COMO,736,378
097025,CORTENOVA,LECCO,882,431
018123,ROBBIO,PAVIA,3503,1614
016047,CALVENZANO,BERGAMO,2837,1283
017157,PROVAGLIO VAL SABBIA,BRESCIA,611,250
108017,CAVENAGO DI BRIANZA,MONZA E DELLA BRIANZA,4419,1790
012020,BREZZO DI BEDERO,VARESE,656,289
020024,GAZOLDO DEGLI IPPOLITI,MANTOVA,1553,697
018017,BORGORATTO MORMOROLO,PAVIA,211,118
019012,CAPERGNANICA,CREMONA,1492,654
016167,POGNANO,BERGAMO,954,426
016200,SOLTO COLLINA,BERGAMO,1208,615
017062,CORTE FRANCA,BRESCIA,4541,1906
015035,BUBBIANO,MILANO,1466,529
015195,SAN GIULIANO MILANESE,MILANO,23122,9294
014039,MANTELLO,SONDRIO,456,211
013053,CASNATE CON BERNATE,COMO,3395,1457
015097,CUSAGO,MILANO,2695,1190
097010,BRIVIO,LECCO,3079,1415
020039,PEGOGNAGA,MANTOVA,4153,1852
014034,GROSOTTO,SONDRIO,1133,644
016163,PIARIO,BERGAMO,762,410
012062,CUVEGLIO,VARESE,1917,907
018074,GOLFERENZO,PAVIA,109,53
019067,PANDINO,CREMONA,5823,2495
017010,BAGOLINO,BRESCIA,2571,1237
018035,CASSOLNOVO,PAVIA,3985,1746
018125,ROCCA DE' GIORGI,PAVIA,26,9
015101,DRESANO,MILANO,2030,894
016014,AVERARA,BERGAMO,105,51
012080,GORNATE-OLONA,VARESE,1289,599
017161,REZZATO,BRESCIA,8657,3692
108026,LESMO,MONZA E DELLA BRIANZA,5244,2197
108020,COGLIATE,MONZA E DELLA BRIANZA,5448,2344
097042,LECCO,LECCO,32233,16570
015213,SOLARO,MILANO,8304,3554
017029,BRESCIA,BRESCIA,129705,60650
018109,PARONA,PAVIA,1112,544
012034,CARONNO PERTUSELLA,VARESE,10397,4267
013045,CARBONATE,COMO,1861,784
108028,LISSONE,MONZA E DELLA BRIANZA,28126,12626
018031,CASANOVA LONATI,PAVIA,302,139
013229,VALBRONA,COMO,1624,706
097045,MALGRATE,LECCO,2873,1403
019019,CASALETTO DI SOPRA,CREMONA,309,143
012009,BARDELLO,VARESE,1021,475
017014,BEDIZZOLE,BRESCIA,6933,2829
012013,BESOZZO,VARESE,5283,2657
016159,PARZANICA,BERGAMO,193,138
015173,PIEVE EMANUELE,MILANO,9498,4294
016098,FILAGO,BERGAMO,1957,823
017133,PALAZZOLO SULL'OGLIO,BRESCIA,12278,6427
097028,CREMELLA,LECCO,1102,499
012025,BUGUGGIATE,VARESE,2031,1023
013193,PUSIANO,COMO,930,438
012052,CLIVIO,VARESE,1197,527
019086,ROMANENGO,CREMONA,1928,888
016154,PAGAZZANO,BERGAMO,1255,579
016156,PALAZZAGO,BERGAMO,2574,1260
017081,GUSSAGO,BRESCIA,11163,4679
017110,MONNO,BRESCIA,388,163
018106,OTTOBIANO,PAVIA,625,311
017173,SAN ZENO NAVIGLIO,BRESCIA,3096,1393
019059,MONTODINE,CREMONA,1702,712
016205,SPINONE AL LAGO,BERGAMO,571,273
018131,ROVESCALA,PAVIA,450,232
016016,AZZANO SAN PAOLO,BERGAMO,4786,2176
018118,PORTALBERA,PAVIA,898,383
017021,BORGOSATOLLO,BRESCIA,6074,2545
020008,CANNETO SULL'OGLIO,MANTOVA,2490,1154
098018,CERVIGNANO D'ADDA,LODI,1459,573
013006,ALSERIO,COMO,895,382
016003,ALBANO SANT'ALESSANDRO,BERGAMO,4888,2058
016194,SCANZOROSCIATE,BERGAMO,6506,3089
018133,SAN CIPRIANO PO,PAVIA,239,98
012001,AGRA,VARESE,194,96
013118,INVERIGO,COMO,6098,2531
108001,AGRATE BRIANZA,MONZA E DELLA BRIANZA,9607,4042
013226,TREZZONE,COMO,159,73
108040,SEVESO,MONZA E DELLA BRIANZA,14547,6343
013187,PONNA,COMO,169,49
016221,UBIALE CLANEZZO,BERGAMO,874,453
015183,ROBECCHETTO CON INDUNO,MILANO,2920,1183
016196,SEDRINA,BERGAMO,1418,692
016183,ROMANO DI LOMBARDIA,BERGAMO,11981,5546
016219,TREVIGLIO,BERGAMO,19195,9284
012024,BRUSIMPIANO,VARESE,560,240
016066,CAVERNAGO,BERGAMO,1479,584
016115,GORLE,BERGAMO,4222,1950
012041,CASSANO VALCUVIA,VARESE,326,166
019113,VESCOVATO,CREMONA,2548,1296
015032,BRESSO,MILANO,16098,8527
018063,FILIGHERA,PAVIA,528,269
018023,BRESSANA BOTTARONE,PAVIA,2155,1028
016065,CASTRO,BERGAMO,901,522
108008,BESANA IN BRIANZA,MONZA E DELLA BRIANZA,10170,5102
013102,FINO MORNASCO,COMO,6229,2693
020038,OSTIGLIA,MANTOVA,3928,1887
018152,SPESSA,PAVIA,305,150
018182,VOGHERA,PAVIA,23424,13471
016002,ADRARA SAN ROCCO,BERGAMO,488,203
017196,VEROLAVECCHIA,BRESCIA,2501,1040
098056,TAVAZZANO CON VILLAVESCO,LODI,3893,1687
016106,FUIPIANO VALLE IMAGNA,BERGAMO,141,76
012118,SAMARATE,VARESE,9834,4591
013030,BRIENNO,COMO,218,100
016096,FARA GERA D'ADDA,BERGAMO,4757,2007
013077,CORRIDO,COMO,448,134
108054,LENTATE SUL SEVESO,MONZA E DELLA BRIANZA,10260,4548
013059,CASTELNUOVO BOZZENTE,COMO,521,240
017197,VESTONE,BRESCIA,2640,1119
098038,MELETI,LODI,354,182
019036,CREMONA,CREMONA,45260,25325
012091,LOZZA,VARESE,748,393
018112,PIEVE ALBIGNOLA,PAVIA,561,270
108006,BELLUSCO,MONZA E DELLA BRIANZA,4608,2058
019056,MALAGNINO,CREMONA,1126,563
016158,PARRE,BERGAMO,1780,844
018148,SEMIANA,PAVIA,120,63
016108,GANDINO,BERGAMO,3143,1536
012017,BREBBIA,VARESE,1987,960
017097,MACLODIO,BRESCIA,922,372
015170,PERO,MILANO,7119,2949
016086,COSTA VOLPINO,BERGAMO,6010,3073
020043,POMPONESCO,MANTOVA,919,439
016246,ZOGNO,BERGAMO,5607,3010
017160,REMEDELLO,BRESCIA,2024,864
017016,BERZO DEMO,BRESCIA,1097,545
097004,BALLABIO,LECCO,2818,1344
016005,ALME',BERGAMO,3395,1658
097064,PARLASCO,LECCO,110,48
014047,PEDESINA,SONDRIO,27,15
015189,ROZZANO,MILANO,24908,10724
019017,CASALE CREMASCO-VIDOLASCO,CREMONA,1087,447
097092,LA VALLETTA BRIANZA,LECCO,3025,1258
017034,CALVISANO,BRESCIA,4989,1939
098013,CASTELNUOVO BOCCA D'ADDA,LODI,1040,514
108045,VAREDO,MONZA E DELLA BRIANZA,8471,3848
097051,MOLTENO,LECCO,2440,1073
016237,VIGOLO,BERGAMO,330,120
016212,TELGATE,BERGAMO,2908,1477
016190,SAN PELLEGRINO TERME,BERGAMO,3126,1832
017077,GAVARDO,BRESCIA,7239,3258
019077,POZZAGLIO ED UNITI,CREMONA,934,402
015027,BOLLATE,MILANO,25039,11085
019016,CASALBUTTANO ED UNITI,CREMONA,2639,1514
012139,VIGGIU',VARESE,3642,3224
015015,BASIGLIO,MILANO,5043,2097
012142,MACCAGNO CON PINO E VEDDASCA,VARESE,1339,654
012085,JERAGO CON ORAGO,VARESE,3279,1492
014007,BERBENNO DI VALTELLINA,SONDRIO,2848,1390
012101,MERCALLO,VARESE,1094,488
020071,BORGO VIRGILIO,MANTOVA,8716,4181
012077,GOLASECCA,VARESE,1533,674
012011,BESANO,VARESE,1474,708
019101,SPINEDA,CREMONA,308,163
013099,FALOPPIO,COMO,2886,1134
013232,VALMOREA,COMO,1721,751
019038,CROTTA D'ADDA,CREMONA,376,169
020001,ACQUANEGRA SUL CHIESE,MANTOVA,1688,858
098046,SALERANO SUL LAMBRO,LODI,1797,814
019074,PIEVE D'OLMI,CREMONA,842,426
017093,LONGHENA,BRESCIA,407,186
018043,CERANOVA,PAVIA,1216,494
017158,PUEGNAGO SUL GARDA,BRESCIA,1993,814
019111,VAIANO CREMASCO,CREMONA,2492,1077
013236,VELESO,COMO,111,61
019047,GENIVOLTA,CREMONA,700,333
097075,SIRONE,LECCO,1597,726
016139,MONTELLO,BERGAMO,1814,735
014074,VAL MASINO,SONDRIO,580,275
017116,MUSCOLINE,BRESCIA,1563,639
013251,COLVERDE,COMO,3346,1382
016042,BRUSAPORTO,BERGAMO,3385,1412
012004,ARCISATE,VARESE,6269,2859
017143,PISOGNE,BRESCIA,5472,2802
019006,BONEMERSE,CREMONA,991,530
012037,CASALZUIGNO,VARESE,805,396
016189,SAN PAOLO D'ARGON,BERGAMO,3190,1274
017138,SAN PAOLO,BRESCIA,2772,1081
018144,SANT'ANGELO LOMELLINA,PAVIA,425,185
097036,GALBIATE,LECCO,5814,2882
016130,LUZZANA,BERGAMO,562,264
020073,BORGOCARBONARA,MANTOVA,1305,609
018094,MONTALTO PAVESE,PAVIA,449,233
018181,VISTARINO,PAVIA,840,376
017151,POZZOLENGO,BRESCIA,2091,906
020029,MAGNACAVALLO,MANTOVA,881,402
019052,GUSSOLA,CREMONA,1611,751
014027,DUBINO,SONDRIO,2333,1130
017035,CAPO DI PONTE,BRESCIA,1699,839
097082,VALGREGHENTINO,LECCO,2336,1077
018019,BORNASCO,PAVIA,1563,560
020042,POGGIO RUSCO,MANTOVA,3796,1635
014019,CHIESA IN VALMALENCO,SONDRIO,1596,734
019035,CREMA,CREMONA,23688,11966
014051,POGGIRIDENTI,SONDRIO,1173,607
016227,VALNEGRA,BERGAMO,117,64
013084,CUCCIAGO,COMO,2363,1056
020026,GOITO,MANTOVA,5920,2555
013113,GRIANTE,COMO,401,183
016186,ROTA D'IMAGNA,BERGAMO,564,335
017190,TRENZANO,BRESCIA,3320,1393
014041,MELLO,SONDRIO,589,221
012136,VENEGONO INFERIORE,VARESE,3910,1824
014037,LIVIGNO,SONDRIO,2719,807
016043,CALCINATE,BERGAMO,3551,1379
016145,OLMO AL BREMBO,BERGAMO,301,163
013165,OLGIATE COMASCO,COMO,7547,3469
018039,CASTELLO D'AGOGNA,PAVIA,663,300
017205,ZONE,BRESCIA,705,337
015114,INZAGO,MILANO,7004,3155
017120,NUVOLERA,BRESCIA,2781,1180
016084,COSTA DI MEZZATE,BERGAMO,2020,810
018107,PALESTRO,PAVIA,946,435
016202,SORISOLE,BERGAMO,5286,2604
013134,LONGONE AL SEGRINO,COMO,1352,632
097053,MONTEVECCHIA,LECCO,1735,743
017163,RODENGO-SAIANO,BRESCIA,6723,2656
013153,MONGUZZO,COMO,1569,679
018186,ZEME,PAVIA,599,295
018077,INVERNO E MONTELEONE,PAVIA,902,483
016171,PONTIDA,BERGAMO,1894,830
012124,SUMIRAGO,VARESE,3788,1757
108050,VIMERCATE,MONZA E DELLA BRIANZA,17014,7871
018097,MONTESCANO,PAVIA,261,113
015074,CESANO BOSCONE,MILANO,14803,7142
019001,ACQUANEGRA CREMONESE,CREMONA,762,355
012047,CASTRONNO,VARESE,3200,1550
013090,DONGO,COMO,2214,1130
012039,CASORATE SEMPIONE,VARESE,3375,1590
018114,PIEVE PORTO MORONE,PAVIA,1469,740
020034,MEDOLE,MANTOVA,2170,914
015243,VITTUONE,MILANO,5716,2494
018030,CARBONARA AL TICINO,PAVIA,930,404
016057,CARVICO,BERGAMO,2935,1236
014003,ANDALO VALTELLINO,SONDRIO,351,170
012119,SARONNO,VARESE,24570,11814
013035,CABIATE,COMO,4846,1974
019039,CUMIGNANO SUL NAVIGLIO,CREMONA,247,128
013121,LAMBRUGO,COMO,1719,766
019005,BAGNOLO CREMASCO,CREMONA,3196,1379
018013,BELGIOIOSO,PAVIA,3985,2050
017087,LAVENONE,BRESCIA,320,139
015103,GAGGIANO,MILANO,5636,2245
016070,CENE,BERGAMO,2433,1120
016132,MAPELLO,BERGAMO,3989,1824
013217,SORMANO,COMO,387,194
018136,SAN GIORGIO DI LOMELLINA,PAVIA,625,349
108035,NOVA MILANESE,MONZA E DELLA BRIANZA,13660,6188
017145,POLPENAZZE DEL GARDA,BRESCIA,1535,659
017172,SAN GERVASIO BRESCIANO,BRESCIA,1427,553
098059,VALERA FRATTA,LODI,941,412
108042,SULBIATE,MONZA E DELLA BRIANZA,2750,1097
018120,REDAVALLE,PAVIA,603,267
017127,OSPITALETTO,BRESCIA,9412,3530
012109,ORIGGIO,VARESE,4953,2012
018177,VIGEVANO,PAVIA,36495,18711
020014,CASTEL D'ARIO,MANTOVA,2574,1008
016151,ORNICA,BERGAMO,106,53
015078,CISLIANO,MILANO,2914,1195
013114,GUANZATE,COMO,3758,1612
017092,LONATO DEL GARDA,BRESCIA,9753,4125
017095,LOZIO,BRESCIA,265,150
012093,LUVINATE,VARESE,899,494
016007,ALMENNO SAN SALVATORE,BERGAMO,3509,1834
012022,BRISSAGO-VALTRAVAGLIA,VARESE,672,320
014069,TRAONA,SONDRIO,1701,743
097040,INTROBIO,LECCO,1319,704
013178,PEGLIO,COMO,87,44
013154,MONTANO LUCINO,COMO,3336,1502
020031,MARCARIA,MANTOVA,3966,1923
017109,MONIGA DEL GARDA,BRESCIA,1415,622
012083,INDUNO OLONA,VARESE,6663,3176
016092,DOSSENA,BERGAMO,559,323
012086,LAVENA PONTE TRESA,VARESE,3028,1428
017084,IRMA,BRESCIA,88,37
097061,OSNAGO,LECCO,3090,1393
018085,MAGHERNO,PAVIA,1112,512
014044,MONTAGNA IN VALTELLINA,SONDRIO,1934,980
014015,CASTIONE ANDEVENNO,SONDRIO,1006,456
015040,BUSSERO,MILANO,5591,2535
015179,PREGNANA MILANESE,MILANO,4697,2220
017135,PASPARDO,BRESCIA,423,246
018006,BADIA PAVESE,PAVIA,197,100
016056,CARONA,BERGAMO,166,104
016049,CANONICA D'ADDA,BERGAMO,2447,1081
097009,BOSISIO PARINI,LECCO,2319,1066
015038,BUSCATE,MILANO,2748,1207
108046,VEDANO AL LAMBRO,MONZA E DELLA BRIANZA,5246,2714
015200,SANTO STEFANO TICINO,MILANO,3068,1212
097055,MORTERONE,LECCO,16,8
016233,VERDELLO,BERGAMO,5062,2378
016046,CALUSCO D'ADDA,BERGAMO,5139,2208
019066,PALAZZO PIGNANO,CREMONA,2502,993
016037,BREMBATE,BERGAMO,4850,2119
016105,FORNOVO SAN GIOVANNI,BERGAMO,2156,849
019021,CASALMAGGIORE,CREMONA,8354,4177
016006,ALMENNO SAN BARTOLOMEO,BERGAMO,3662,1824
108023,DESIO,MONZA E DELLA BRIANZA,25589,11782
019069,PESCAROLO ED UNITI,CREMONA,951,430
020059,SAN MARTINO DALL'ARGINE,MANTOVA,981,505
018068,GAMBOLO',PAVIA,5811,2749
012071,GALLIATE LOMBARDO,VARESE,620,301
017098,MAGASA,BRESCIA,76,43
013161,NESSO,COMO,713,331
015136,MASATE,MILANO,2114,869
013163,NOVEDRATE,COMO,1942,797
018059,COZZO,PAVIA,219,113
018060,CURA CARPIGNANO,PAVIA,3111,1394
017053,CIGOLE,BRESCIA,956,416
098027,GALGAGNANO,LODI,903,367
020003,BAGNOLO SAN VITO,MANTOVA,3576,1578
016001,ADRARA SAN MARTINO,BERGAMO,1162,590
019107,TORRE DE' PICENARDI,CREMONA,1356,672
016116,GORNO,BERGAMO,948,476
013015,BARNI,COMO,342,141
016179,RANZANICO,BERGAMO,782,366
098040,MONTANASO LOMBARDO,LODI,1582,728
018162,TRAVACO' SICCOMARIO,PAVIA,2936,1459
015070,CERNUSCO SUL NAVIGLIO,MILANO,22689,10080
097074,SANTA MARIA HOE',LECCO,1412,617
016075,CISERANO,BERGAMO,3116,1296
017043,CASTENEDOLO,BRESCIA,7589,3097
097016,CASATENOVO,LECCO,8327,4106
015244,VIZZOLO PREDABISSI,MILANO,2671,1263
018150,SIZIANO,PAVIA,3956,1653
014065,TEGLIO,SONDRIO,2823,1479
012138,VERGIATE,VARESE,5316,2548
013028,BREGNANO,COMO,3988,1682
016137,MONASTEROLO DEL CASTELLO,BERGAMO,666,300
018171,VARZI,PAVIA,2067,1406
098043,OSPEDALETTO LODIGIANO,LODI,1117,494
017194,VALVESTINO,BRESCIA,101,53
019015,CAPRALBA,CREMONA,1615,787
017170,SALO',BRESCIA,6609,3259
017096,LUMEZZANE,BRESCIA,14497,6120
019106,TORNATA,CREMONA,225,108
014002,ALBOSAGGIA,SONDRIO,2094,979
018020,BOSNASCO,PAVIA,363,168
108013,BURAGO DI MOLGORA,MONZA E DELLA BRIANZA,2644,1134
016074,CISANO BERGAMASCO,BERGAMO,3801,1634
019096,SOLAROLO RAINERIO,CREMONA,589,295
018134,SAN DAMIANO AL COLLE,PAVIA,405,170
017057,COLLEBEATO,BRESCIA,3465,1637
018032,CASATISMA,PAVIA,503,243
018037,CASTEGGIO,PAVIA,4022,2167
016203,SOTTO IL MONTE GIOVANNI XXIII,BERGAMO,2704,1126
016024,BERGAMO,BERGAMO,76261,39883
017174,SAREZZO,BRESCIA,8749,3788
098062,CASTELGERUNDO,LODI,921,449
013254,CENTRO VALLE INTELVI,COMO,2224,922
016165,PIAZZATORRE,BERGAMO,240,133
013029,BRENNA,COMO,1504,563
017100,MALEGNO,BRESCIA,1364,715
018135,SAN GENESIO ED UNITI,PAVIA,2811,1345
012120,SESTO CALENDE,VARESE,6307,3096
019049,GOMBITO,CREMONA,409,197
018142,SANTA MARGHERITA DI STAFFORA,PAVIA,291,211
018014,BEREGUARDO,PAVIA,1705,685
016120,GRUMELLO DEL MONTE,BERGAMO,4861,2181
017076,GARGNANO,BRESCIA,1620,859
017179,SIRMIONE,BRESCIA,4354,1815
017040,CASTEGNATO,BRESCIA,5625,2239
016235,VIADANICA,BERGAMO,694,363
018104,OLEVANO DI LOMELLINA,PAVIA,398,164
098022,CORNO GIOVINE,LODI,662,324
015229,VANZAGO,MILANO,5944,2613
017058,COLLIO,BRESCIA,1173,529
012055,COMERIO,VARESE,1838,957
016239,VILLA D'ALME',BERGAMO,4005,2142
108039,SEREGNO,MONZA E DELLA BRIANZA,28207,12967
013011,ARGEGNO,COMO,381,159
017108,MILZANO,BRESCIA,1077,442
108018,CERIANO LAGHETTO,MONZA E DELLA BRIANZA,4145,1785
017168,SABBIO CHIESE,BRESCIA,2365,946
012103,MONTEGRINO VALTRAVAGLIA,VARESE,764,341
015165,OZZERO,MILANO,882,400
013136,LURAGO D'ERBA,COMO,3611,1676
018139,SANTA CRISTINA E BISSONE,PAVIA,1193,516
016090,CUSIO,BERGAMO,164,88
017060,COMEZZANO-CIZZAGO,BRESCIA,2322,824
014011,CAIOLO,SONDRIO,671,309
013058,CASTELMARTE,COMO,881,418
016102,FONTENO,BERGAMO,415,199
018147,SCALDASOLE,PAVIA,538,241
017027,BRAONE,BRESCIA,431,218
017128,OSSIMO,BRESCIA,947,479
016244,ZANDOBBIO,BERGAMO,1580,704
013119,LAGLIO,COMO,582,266
018184,ZAVATTARELLO,PAVIA,621,393
020063,SOLFERINO,MANTOVA,1625,775
016038,BREMBATE DI SOPRA,BERGAMO,4789,2375
015055,CASARILE,MILANO,2295,891
098044,OSSAGO LODIGIANO,LODI,934,411
015007,ARCONATE,MILANO,3947,1827
019025,CASTELLEONE,CREMONA,6166,3160
016161,PEIA,BERGAMO,1029,429
017183,TAVERNOLE SUL MELLA,BRESCIA,802,384
016028,BOLGARE,BERGAMO,3627,1470
017031,CAINO,BRESCIA,1311,556
012029,CAIRATE,VARESE,4666,2125
016218,TRESCORE BALNEARIO,BERGAMO,5599,2604
019050,GRONTARDO,CREMONA,990,473
018081,LINAROLO,PAVIA,1839,838
098005,BORGO SAN GIOVANNI,LODI,1497,639
012130,UBOLDO,VARESE,6324,2554
019095,SESTO ED UNITI,CREMONA,2022,981
017167,RUDIANO,BRESCIA,3491,1716
015171,PESCHIERA BORROMEO,MILANO,15366,6494
098023,CORNOVECCHIO,LODI,140,54
017111,MONTE ISOLA,BRESCIA,1277,602
017064,CORZANO,BRESCIA,879,359
098039,MERLINO,LODI,1034,388
097033,ELLO,LECCO,873,401
016220,TREVIOLO,BERGAMO,7055,3165
019004,AZZANELLO,CREMONA,377,187
108032,MISINTO,MONZA E DELLA BRIANZA,3618,1488
017104,MARCHENO,BRESCIA,2644,1096
015077,CINISELLO BALSAMO,MILANO,42292,20858
015248,VILLA CORTESE,MILANO,3990,1889
019033,CORTE DE' FRATI,CREMONA,865,397
017130,PADERNO FRANCIACORTA,BRESCIA,2530,1067
013010,APPIANO GENTILE,COMO,5233,2459
015046,CANEGRATE,MILANO,7626,3412
017082,IDRO,BRESCIA,1191,493
016083,CORTENUOVA,BERGAMO,1161,533
018159,TORRE D'ISOLA,PAVIA,1659,790
013197,RODERO,COMO,727,292
016059,CASIRATE D'ADDA,BERGAMO,2461,1089
018082,LIRIO,PAVIA,79,35
019114,VOLONGO,CREMONA,284,133
018089,MENCONICO,PAVIA,209,150
018179,VILLANOVA D'ARDENGHI,PAVIA,527,224
014004,APRICA,SONDRIO,907,446
018042,CECIMA,PAVIA,153,103
013192,PROSERPIO,COMO,648,298
016238,VILLA D'ADDA,BERGAMO,2920,1378
017189,TREMOSINE,BRESCIA,1151,456
018154,SUARDI,PAVIA,303,133
012132,VARANO BORGHI,VARESE,1436,709
014057,SAMOLACO,SONDRIO,1688,789
016177,PUMENENGO,BERGAMO,1031,552
020017,CASTIGLIONE DELLE STIVIERE,MANTOVA,12084,5178
098004,BORGHETTO LODIGIANO,LODI,2840,1308
014040,MAZZO DI VALTELLINA,SONDRIO,655,325
018007,BAGNARIA,PAVIA,388,226
097070,PRIMALUNA,LECCO,1482,678
097058,OLGIATE MOLGORA,LECCO,4059,1847
016131,MADONE,BERGAMO,2259,978
017013,BASSANO BRESCIANO,BRESCIA,1527,578
098029,GUARDAMIGLIO,LODI,1503,652
013185,PLESIO,COMO,521,242
097054,MONTICELLO BRIANZA,LECCO,2769,1437
020045,PORTO MANTOVANO,MANTOVA,9974,4553
018103,NICORVO,PAVIA,150,75
013238,VENIANO,COMO,1888,782
013107,GERA LARIO,COMO,615,300
019060,MOSCAZZANO,CREMONA,510,228
097069,PREMANA,LECCO,1693,767
015158,NOVIGLIO,MILANO,2746,1023
097052,MONTE MARENZO,LECCO,1306,626
016168,PONTE NOSSA,BERGAMO,1213,675
097015,CASARGO,LECCO,593,311
018138,SANNAZZARO DE' BURGONDI,PAVIA,3140,1421
097071,ROBBIATE,LECCO,4034,1763
097090,VIGANO',LECCO,1390,684
097007,BARZIO,LECCO,818,413
108022,CORREZZANA,MONZA E DELLA BRIANZA,1807,810
097068,PESCATE,LECCO,1417,682
016009,AMBIVERE,BERGAMO,1500,738
017178,SERLE,BRESCIA,1763,821
012070,GALLARATE,VARESE,30489,14921
013130,LIVO,COMO,92,35
017028,BRENO,BRESCIA,3305,1737
016099,FINO DEL MONTE,BERGAMO,802,387
016125,LENNA,BERGAMO,355,217
016206,SPIRANO,BERGAMO,3510,1514
097014,CARENNO,LECCO,969,456
013004,ALBESE CON CASSANO,COMO,3077,1568
017086,ISORELLA,BRESCIA,2535,1160
015130,MAGENTA,MILANO,15425,7265
017137,PAVONE DEL MELLA,BRESCIA,1756,746
019087,SALVIROLA,CREMONA,712,303
018051,CODEVILLA,PAVIA,553,317
016242,VILLONGO,BERGAMO,4677,2400
017039,CARPENEDOLO,BRESCIA,7060,2823
020016,CASTELLUCCHIO,MANTOVA,2973,1319
020012,CASALROMANO,MANTOVA,833,361
014077,VILLA DI CHIAVENNA,SONDRIO,563,234
015219,TREZZANO ROSA,MILANO,2983,1213
019037,CREMOSANO,CREMONA,1118,435
018044,CERETTO LOMELLINA,PAVIA,107,41
017073,GAMBARA,BRESCIA,3020,1392
016128,LOVERE,BERGAMO,3577,2091
015044,CAMBIAGO,MILANO,4146,1624
018058,COSTA DE' NOBILI,PAVIA,204,90
013157,MONTORFANO,COMO,1718,799
016224,VALBREMBO,BERGAMO,2639,1197
017202,VIONE,BRESCIA,467,211
012117,SALTRIO,VARESE,1732,715
015182,RHO,MILANO,32845,15570
014035,MADESIMO,SONDRIO,291,159
012051,CITTIGLIO,VARESE,2272,1137
013188,PONTE LAMBRO,COMO,2886,1429
108009,BIASSONO,MONZA E DELLA BRIANZA,8262,3692
013222,TAVERNERIO,COMO,4082,1970
013052,CASLINO D'ERBA,COMO,1075,452
012133,VARESE,VARESE,50328,27144
016080,COLZATE,BERGAMO,947,451
098026,FOMBIO,LODI,1484,620
016172,PONTIROLO NUOVO,BERGAMO,2940,1300
016079,COLOGNO AL SERIO,BERGAMO,6890,3188
012006,AZZATE,VARESE,2865,1364
018098,MONTESEGALE,PAVIA,154,84
018093,MIRADOLO TERME,PAVIA,2270,1082
013207,SAN NAZZARO VAL CAVARGNA,COMO,187,64
016094,ENTRATICO,BERGAMO,1130,524
012088,LEGGIUNO,VARESE,2238,1160
097044,LOMAGNA,LECCO,3209,1345
017046,CAZZAGO SAN MARTINO,BRESCIA,6971,2864
016141,MORNICO AL SERIO,BERGAMO,1789,725
015099,DAIRAGO,MILANO,3865,1634
019027,CASTELVISCONTI,CREMONA,190,95
017003,AGNOSINE,BRESCIA,1134,465
012038,CASCIAGO,VARESE,2456,1290
013043,CAPIAGO INTIMIANO,COMO,3869,1703
018052,CONFIENZA,PAVIA,844,387
019109,TRESCORE CREMASCO,CREMONA,1753,757
017181,SONICO,BRESCIA,816,385
017102,MANERBA DEL GARDA,BRESCIA,2638,1111
015176,POGLIANO MILANESE,MILANO,5366,2408
016064,CASTIONE DELLA PRESOLANA,BERGAMO,2344,1156
098034,MAIRAGO,LODI,933,404
018151,SOMMO,PAVIA,789,364
018105,OLIVA GESSI,PAVIA,112,52
016051,CAPRIATE SAN GERVASIO,BERGAMO,4853,2373
098031,LODI,LODI,31123,15384
019079,RICENGO,CREMONA,1052,414
016230,VEDESETA,BERGAMO,133,71
098011,CASELLE LANDI,LODI,1019,444
014006,BEMA,SONDRIO,80,37
016170,PONTE SAN PIETRO,BERGAMO,6822,3363
017078,GHEDI,BRESCIA,11038,4630
098045,PIEVE FISSIRAGA,LODI,1129,504
097018,CASSINA VALSASSINA,LECCO,352,155
016150,ORIO AL SERIO,BERGAMO,1025,427
017088,LENO,BRESCIA,8894,3904
015112,GUDO VISCONTI,MILANO,981,394
020065,SUZZARA,MANTOVA,11878,5331
016188,SAN GIOVANNI BIANCO,BERGAMO,2952,1589
017074,GARDONE RIVIERA,BRESCIA,1575,697
015116,LAINATE,MILANO,16569,7143
108031,MEZZAGO,MONZA E DELLA BRIANZA,2556,1076
013212,SENNA COMASCO,COMO,2082,913
097072,ROGENO,LECCO,2134,933
019116,PIADENA DRIZZONA,CREMONA,2350,1221
017006,ANGOLO TERME,BRESCIA,1651,834
013159,MOZZATE,COMO,5271,2277
016252,SANT'OMOBONO TERME,BERGAMO,2433,1374
017193,VALLIO TERME,BRESCIA,854,400
017015,BERLINGO,BRESCIA,1688,663
108005,BARLASSINA,MONZA E DELLA BRIANZA,4603,2174
020048,REDONDESCO,MANTOVA,732,382
013120,LAINO,COMO,304,105
016089,CURNO,BERGAMO,4901,2451
018113,PIEVE DEL CAIRO,PAVIA,1174,661
016050,CAPIZZONE,BERGAMO,758,440
013189,PORLEZZA,COMO,2754,1081
012102,MESENZANA,VARESE,836,359
018003,ALBONESE,PAVIA,342,188
016240,VILLA DI SERIO,BERGAMO,4225,1871
020018,CAVRIANA,MANTOVA,2151,942
012121,SOLBIATE ARNO,VARESE,2444,1106
015036,BUCCINASCO,MILANO,17138,7600
017175,SAVIORE DELL'ADAMELLO,BRESCIA,603,284
019007,BORDOLANO,CREMONA,360,170
016053,CARAVAGGIO,BERGAMO,10278,4728
018008,BARBIANELLO,PAVIA,472,220
017008,AZZANO MELLA,BRESCIA,2120,773
018096,MONTECALVO VERSIGGIA,PAVIA,282,135
012073,GAZZADA SCHIANNO,VARESE,2901,1478
016129,LURANO,BERGAMO,1610,720
012057,CROSIO DELLA VALLE,VARESE,409,196
016176,PRESEZZO,BERGAMO,3062,1377
015106,GESSATE,MILANO,5305,2261
018149,SILVANO PIETRA,PAVIA,372,199
016041,BRUMANO,BERGAMO,63,41
018015,BORGARELLO,PAVIA,1731,805
012110,ORINO,VARESE,457,245
018176,VIDIGULFO,PAVIA,3894,1532
012131,VALGANNA,VARESE,870,419
012023,BRUNELLO,VARESE,615,289
018050,CILAVEGNA,PAVIA,3428,1618
019084,RIVOLTA D'ADDA,CREMONA,5364,2578
098035,MALEO,LODI,2118,1066
097079,TACENO,LECCO,347,166
016077,CLUSONE,BERGAMO,5918,3184
014021,CINO,SONDRIO,191,81
013195,REZZAGO,COMO,206,100
018047,CERVESINA,PAVIA,780,444
012018,BREGANO,VARESE,504,237
019031,CINGIA DE' BOTTI,CREMONA,928,585
019102,SPINO D'ADDA,CREMONA,4623,1937
016195,SCHILPARIO,BERGAMO,809,410
108010,BOVISIO-MASCIAGO,MONZA E DELLA BRIANZA,10240,4577
015150,MORIMONDO,MILANO,702,334
016008,ALZANO LOMBARDO,BERGAMO,8214,3759
014061,SONDRIO,SONDRIO,13978,7397
013211,SCHIGNANO,COMO,554,173
018143,SANTA MARIA DELLA VERSA,PAVIA,1344,589
016031,BONATE SOTTO,BERGAMO,3927,1679
108011,BRIOSCO,MONZA E DELLA BRIANZA,3906,1768
017038,CAPRIOLO,BRESCIA,6006,3172
013100,FENEGRO',COMO,1937,755
015131,MAGNAGO,MILANO,5534,2417
014076,VERVIO,SONDRIO,122,60
012067,FAGNANO OLONA,VARESE,7539,3445
097091,VERDERIO,LECCO,3663,1612
016030,BONATE SOPRA,BERGAMO,5804,2375
012089,LONATE CEPPINO,VARESE,3019,1269
015142,MELZO,MILANO,11773,5341
017141,PEZZAZE,BRESCIA,978,478
012036,CASALE LITTA,VARESE,1574,738
015012,BAREGGIO,MILANO,11160,5279
014058,SAN GIACOMO FILIPPO,SONDRIO,222,106
013133,LOMAZZO,COMO,6258,2710
016109,GANDOSSO,BERGAMO,938,481
019041,DOVERA,CREMONA,2529,1115
013227,TURATE,COMO,5745,2421
016199,SERINA,BERGAMO,1257,686
016211,TAVERNOLA BERGAMASCA,BERGAMO,1468,954
018083,LOMELLO,PAVIA,1234,657
016104,FORESTO SPARSO,BERGAMO,1844,759
016033,BOSSICO,BERGAMO,648,313
016123,LALLIO,BERGAMO,2730,1201
015220,TREZZANO SUL NAVIGLIO,MILANO,12630,5642
019090,SAN GIOVANNI IN CROCE,CREMONA,1224,588
017125,ORZINUOVI,BRESCIA,7846,3582
017191,TREVISO BRESCIANO,BRESCIA,342,154
012048,CAVARIA CON PREMEZZO,VARESE,3385,1516
018156,TORRE BERETTI E CASTELLARO,PAVIA,255,101
108048,VERANO BRIANZA,MONZA E DELLA BRIANZA,6002,2546
018092,MEZZANINO,PAVIA,908,451
018099,MONTICELLI PAVESE,PAVIA,341,133
014008,BIANZONE,SONDRIO,817,404
108047,VEDUGGIO CON COLZANO,MONZA E DELLA BRIANZA,2858,1303
108002,AICURZIO,MONZA E DELLA BRIANZA,1344,607
017004,ALFIANELLO,BRESCIA,1672,687
016093,ENDINE GAIANO,BERGAMO,2125,1037
097023,COLICO,LECCO,4707,2354
016241,VILLA D'OGNA,BERGAMO,1206,605
017177,SENIGA,BRESCIA,955,446
097037,GARBAGNATE MONASTERO,LECCO,1712,768
015072,CERRO MAGGIORE,MILANO,9360,4361
019014,CAPPELLA DE' PICENARDI,CREMONA,205,100
108055,RONCELLO,MONZA E DELLA BRIANZA,2741,992
015181,RESCALDINA,MILANO,8652,3871
014018,CHIAVENNA,SONDRIO,4591,2456
013143,MARIANO COMENSE,COMO,16137,6494
014032,GORDONA,SONDRIO,1100,465
018119,REA,PAVIA,266,146
018129,RONCARO,PAVIA,832,374
017047,CEDEGOLO,BRESCIA,753,349
015010,ARLUNO,MILANO,7712,3402
012095,MALGESSO,VARESE,744,374
018140,SANTA GIULETTA,PAVIA,934,495
014001,ALBAREDO PER SAN MARCO,SONDRIO,211,124
097063,PAGNONA,LECCO,218,103
015140,MELEGNANO,MILANO,11728,5523
016201,SONGAVAZZO,BERGAMO,492,234
012058,CUASSO AL MONTE,VARESE,2086,959
017122,OFFLAGA,BRESCIA,2550,1073
017019,BIONE,BRESCIA,896,434
108044,USMATE VELATE,MONZA E DELLA BRIANZA,6490,2797
015024,BINASCO,MILANO,4786,2204
018075,GRAVELLONA LOMELLINA,PAVIA,1577,793
098006,BREMBIO,LODI,1701,776
015058,CASOREZZO,MILANO,3292,1395
012012,BESNATE,VARESE,3420,1647
016068,CENATE SOPRA,BERGAMO,1490,662
097008,BELLANO,LECCO,2424,1372
019092,SCANDOLARA RAVARA,CREMONA,819,465
097046,MANDELLO DEL LARIO,LECCO,7081,3543
014053,POSTALESIO,SONDRIO,421,181
016214,TORRE BOLDONE,BERGAMO,5581,2747
097060,OLIVETO LARIO,LECCO,810,414
013248,SAN SIRO,COMO,1114,508
108049,VILLASANTA,MONZA E DELLA BRIANZA,9273,4259
012072,GAVIRATE,VARESE,5941,3050
098030,LIVRAGA,LODI,1634,767
020035,MOGLIA,MANTOVA,3320,1429
019057,MARTIGNANA DI PO,CREMONA,1050,495
014052,PONTE IN VALTELLINA,SONDRIO,1579,867
016155,PALADINA,BERGAMO,2388,1121
097021,CESANA BRIANZA,LECCO,1603,701
019088,SAN BASSANO,CREMONA,1599,969
018167,VALEGGIO,PAVIA,110,73
012021,BRINZIO,VARESE,559,287
012143,CADREZZATE CON OSMATE,VARESE,1407,589
016173,PRADALUNGA,BERGAMO,2930,1233
014029,FORCOLA,SONDRIO,474,215
019022,CASALMORANO,CREMONA,1062,566
016175,PREMOLO,BERGAMO,776,414
017005,ANFO,BRESCIA,280,133
012074,GEMONIO,VARESE,1664,801
013097,EUPILIO,COMO,1775,810
020028,GUIDIZZOLO,MANTOVA,3395,1450
020044,PONTI SUL MINCIO,MANTOVA,1142,454
098002,BERTONICO,LODI,675,301
018041,CAVA MANARA,PAVIA,4643,2273
017126,ORZIVECCHI,BRESCIA,1703,695
013144,MASLIANICO,COMO,2018,911
017198,VEZZA D'OGLIO,BRESCIA,1010,418
097076,SIRTORI,LECCO,1811,797
013062,CAVARGNA,COMO,97,38
012105,MORAZZONE,VARESE,2662,1276
015125,LOCATE DI TRIULZI,MILANO,6405,2779
019091,SAN MARTINO DEL LAGO,CREMONA,258,140
016236,VIGANO SAN MARTINO,BERGAMO,743,336
018080,LARDIRAGO,PAVIA,768,394
019032,CORTE DE' CORTESI CON CIGNONE,CREMONA,617,253
017115,MURA,BRESCIA,505,196
017022,BORNO,BRESCIA,1784,918
012030,CANTELLO,VARESE,3014,1413
013068,CIRIMIDO,COMO,1341,588
018157,TORRE D'ARESE,PAVIA,492,194
013155,MONTEMEZZO,COMO,159,74
017203,VISANO,BRESCIA,1279,556
018087,MARZANO,PAVIA,922,389
015155,NOSATE,MILANO,404,189
018128,ROMAGNESE,PAVIA,395,246
017020,BORGO SAN GIACOMO,BRESCIA,3217,1363
097078,SUELLO,LECCO,1250,613
014010,BUGLIO IN MONTE,SONDRIO,1318,559
016101,FONTANELLA,BERGAMO,2657,1164
014063,TALAMONA,SONDRIO,2976,1435
020027,GONZAGA,MANTOVA,5202,2216
016207,STEZZANO,BERGAMO,8353,3602
015164,OSSONA,MILANO,2692,1155
016149,ONORE,BERGAMO,584,294
017146,POMPIANO,BRESCIA,2425,999
015060,CASSINA DE' PECCHI,MILANO,8796,3860
015118,LEGNANO,MILANO,36957,17699
016229,VALTORTA,BERGAMO,152,78
014072,VALDISOTTO,SONDRIO,2000,879
018115,PINAROLO PO,PAVIA,1093,553
014064,TARTANO,SONDRIO,145,82
017206,PIANCOGNO,BRESCIA,3154,1462
108030,MEDA,MONZA E DELLA BRIANZA,15160,6688
012079,GORLA MINORE,VARESE,4981,2274
017041,CASTELCOVATI,BRESCIA,3894,1462
019028,CELLA DATI,CREMONA,347,171
012026,BUSTO ARSIZIO,VARESE,50852,24462
017103,MANERBIO,BRESCIA,8443,3852
017129,PADENGHE SUL GARDA,BRESCIA,2640,1206
016121,ISOLA DI FONDRA,BERGAMO,112,71
016127,LOCATELLO,BERGAMO,485,259
020061,SERMIDE E FELONICA,MANTOVA,4594,2094
020020,COMMESSAGGIO,MANTOVA,626,314
017188,TRAVAGLIATO,BRESCIA,8996,3575
015172,PESSANO CON BORNAGO,MILANO,5631,2317
097057,OGGIONO,LECCO,5825,2815
013202,ROVELLO PORRO,COMO,3690,1498
015205,SEGRATE,MILANO,23338,10598
017187,TOSCOLANO-MADERNO,BRESCIA,4424,2222
012033,CARNAGO,VARESE,4123,1880
012115,RANCIO VALCUVIA,VARESE,475,212
017044,CASTO,BRESCIA,1000,370
013204,SAN BARTOLOMEO VAL CAVARGNA,COMO,677,231
014075,VERCEIA,SONDRIO,650,318
020051,RODIGO,MANTOVA,3217,1618
016191,SANTA BRIGIDA,BERGAMO,364,171
016148,ONETA,BERGAMO,376,193
020064,SUSTINENTE,MANTOVA,1317,593
018002,ALBAREDO ARNABOLDI,PAVIA,149,74
015011,ASSAGO,MILANO,5832,2235
015204,SEDRIANO,MILANO,7572,3321
016117,GRASSOBBIO,BERGAMO,3855,1501
098053,SENNA LODIGIANA,LODI,1202,536
012092,LUINO,VARESE,8141,4136
017051,CEVO,BRESCIA,547,261
012059,CUGLIATE-FABIASCO,VARESE,1721,800
016185,RONCOLA,BERGAMO,444,230
015019,BERNATE TICINO,MILANO,1876,808
018188,ZERBO,PAVIA,243,120
016184,RONCOBELLO,BERGAMO,258,153
015041,BUSTO GAROLFO,MILANO,8593,3716
015201,SAN VITTORE OLONA,MILANO,5010,2229
098037,MASSALENGO,LODI,2898,1240
017101,MALONNO,BRESCIA,2144,1002
019093,SCANDOLARA RIPA D'OGLIO,CREMONA,340,171
015178,POZZUOLO MARTESANA,MILANO,5336,2340
012027,CADEGLIANO-VICONAGO,VARESE,1173,595
020037,MOTTEGGIANA,MANTOVA,1386,534
017184,TEMU',BRESCIA,709,325
019105,TORLINO VIMERCATI,CREMONA,288,123
097059,OLGINATE,LECCO,4763,2258
013123,LASNIGO,COMO,289,121
020010,CASALMORO,MANTOVA,1269,514
013092,DOSSO DEL LIRO,COMO,129,58
017118,NIARDO,BRESCIA,1321,649
014025,DAZIO,SONDRIO,315,146
017182,SULZANO,BRESCIA,1236,506
016032,BORGO DI TERZO,BERGAMO,631,317
015211,SETTIMO MILANESE,MILANO,13500,6090
018049,CIGOGNOLA,PAVIA,877,409
097029,CREMENO,LECCO,986,502
016146,OLTRE IL COLLE,BERGAMO,544,306
018178,VILLA BISCOSSI,PAVIA,32,25
012005,ARSAGO SEPRIO,VARESE,2808,1197
019094,SERGNANO,CREMONA,2321,1001
019083,RIVAROLO DEL RE ED UNITI,CREMONA,1086,522
012043,CASTELLO CABIAGLIO,VARESE,293,153
017186,TORBOLE CASAGLIA,BRESCIA,4100,1648
017142,PIAN CAMUNO,BRESCIA,2855,1214
013034,BULGAROGRASSO,COMO,2598,1089
020002,ASOLA,MANTOVA,6156,2888
018021,BRALLO DI PREGOLA,PAVIA,262,167
015206,SENAGO,MILANO,12786,5462
016025,BERZO SAN FERMO,BERGAMO,724,320
016103,FOPPOLO,BERGAMO,99,55
017042,CASTEL MELLA,BRESCIA,7251,2812
015224,TRUCCAZZANO,MILANO,3546,1452
017045,CASTREZZATO,BRESCIA,4448,1689
098049,SAN ROCCO AL PORTO,LODI,1895,826
016058,CASAZZA,BERGAMO,2272,1039
016198,SERIATE,BERGAMO,15510,7397
014054,PRATA CAMPORTACCIO,SONDRIO,1735,803
012107,OGGIONA CON SANTO STEFANO,VARESE,2604,1192
016223,VALBONDIONE,BERGAMO,648,346
014070,TRESIVIO,SONDRIO,1317,599
018122,RIVANAZZANO TERME,PAVIA,3199,1799
012097,MARCHIROLO,VARESE,1910,899
016036,BRANZI,BERGAMO,452,245
019009,CALVATONE,CREMONA,687,330
013239,VERCANA,COMO,476,234
013152,MOLTRASIO,COMO,1060,486
016234,VERTOVA,BERGAMO,2944,1529
013218,STAZZONA,COMO,391,171
017164,ROE' VOLCIANO,BRESCIA,2810,1320
017033,CALVAGESE DELLA RIVIERA,BRESCIA,1886,751
017159,QUINZANO D'OGLIO,BRESCIA,4236,1769
097056,NIBIONNO,LECCO,2515,1173
108041,SOVICO,MONZA E DELLA BRIANZA,5373,2509
020032,MARIANA MANTOVANA,MANTOVA,431,179
012098,MARNATE,VARESE,4788,2101
012126,TERNATE,VARESE,1607,800
020021,CURTATONE,MANTOVA,9436,4517
108016,CARNATE,MONZA E DELLA BRIANZA,4901,2134
012007,AZZIO,VARESE,444,224
018091,MEZZANA RABATTONE,PAVIA,297,152
017192,URAGO D'OGLIO,BRESCIA,2198,1183
014012,CAMPODOLCINO,SONDRIO,571,265
015242,VIMODRONE,MILANO,10497,4729
017063,CORTENO GOLGI,BRESCIA,1280,580
017124,ONO SAN PIETRO,BRESCIA,683,310
012031,CARAVATE,VARESE,1515,711
018072,GIUSSAGO,PAVIA,3079,1225
017050,CETO,BRESCIA,1315,637
019003,ANNICCO,CREMONA,1250,693
108038,RONCO BRIANTINO,MONZA E DELLA BRIANZA,2419,1033
097027,CRANDOLA VALSASSINA,LECCO,199,88
013024,BIZZARONE,COMO,978,372
018116,PIZZALE,PAVIA,457,250
013131,LOCATE VARESINO,COMO,2591,1162
012090,LONATE POZZOLO,VARESE,6930,3233
097047,MARGNO,LECCO,253,107
015157,NOVATE MILANESE,MILANO,13250,6020
016091,DALMINE,BERGAMO,15089,6979
018018,BORGO SAN SIRO,PAVIA,577,316
097048,MERATE,LECCO,10322,5008
013137,LURAGO MARINONE,COMO,1520,658
098010,CASALPUSTERLENGO,LODI,9876,4591
019104,TICENGO,CREMONA,276,118
098021,CORNEGLIANO LAUDENSE,LODI,2001,894
018160,TORREVECCHIA PIA,PAVIA,2026,873
018079,LANGOSCO,PAVIA,203,109
015042,CALVIGNASCO,MILANO,734,300
019078,QUINTANO,CREMONA,588,242
097011,BULCIAGO,LECCO,1903,857
017132,PAITONE,BRESCIA,1202,510
016004,ALBINO,BERGAMO,11240,5341
017156,PROVAGLIO D'ISEO,BRESCIA,4696,1916
097084,VARENNA,LECCO,476,245
016082,CORNA IMAGNA,BERGAMO,556,294
015009,ARESE,MILANO,13098,5753
016143,MOZZO,BERGAMO,4847,2397
017048,CELLATICA,BRESCIA,3438,1596
019110,TRIGOLO,CREMONA,1140,640
018025,CALVIGNANO,PAVIA,83,51
019058,MONTE CREMASCO,CREMONA,1414,587
097077,SUEGLIO,LECCO,86,47
016085,COSTA VALLE IMAGNA,BERGAMO,375,201
014017,CERCINO,SONDRIO,447,217
017114,MONTIRONE,BRESCIA,3421,1229
017012,BARGHE,BRESCIA,773,329
015093,CORSICO,MILANO,20650,9522
018069,GARLASCO,PAVIA,5796,2513
012019,BRENTA,VARESE,1031,513
014059,SERNIO,SONDRIO,329,162
097034,ERVE,LECCO,502,231
097006,BARZANO',LECCO,3268,1545
012002,ALBIZZATE,VARESE,3334,1610
013095,ERBA,COMO,11393,5561
016162,PIANICO,BERGAMO,887,467
108024,GIUSSANO,MONZA E DELLA BRIANZA,16617,6886
097002,AIRUNO,LECCO,1812,832
019075,PIEVE SAN GIACOMO,CREMONA,1004,504
018193,COLLI VERDI,PAVIA,696,421
016152,OSIO SOPRA,BERGAMO,3282,1317
019051,GRUMELLO CREMONESE ED UNITI,CREMONA,1068,548
016249,CORNALBA,BERGAMO,166,99
015098,CUSANO MILANINO,MILANO,11938,5802
019085,ROBECCO D'OGLIO,CREMONA,1457,808
012127,TRADATE,VARESE,11692,5422
019100,SPINADESCO,CREMONA,947,422
018174,VERRETTO,PAVIA,229,112
017107,MAZZANO,BRESCIA,7792,3334
019080,RIPALTA ARPINA,CREMONA,658,285
014038,LOVERO,SONDRIO,420,199
016035,BRACCA,BERGAMO,413,205
013186,POGNANA LARIO,COMO,438,203
017070,ESINE,BRESCIA,3462,1701
014030,FUSINE,SONDRIO,387,179
014067,TORRE DI SANTA MARIA,SONDRIO,533,256
020066,VIADANA,MANTOVA,9880,4398
018172,VELEZZO LOMELLINA,PAVIA,62,26
017001,ACQUAFREDDA,BRESCIA,917,365
016250,MEDOLAGO,BERGAMO,1473,629
013046,CARIMATE,COMO,2908,1201
016113,GHISALBA,BERGAMO,3640,1465
017123,OME,BRESCIA,2235,979
018054,CORANA,PAVIA,459,214
018057,CORVINO SAN QUIRICO,PAVIA,657,373
013003,ALBAVILLA,COMO,4528,2168
019023,CASTELDIDONE,CREMONA,360,171
015166,PADERNO DUGNANO,MILANO,29092,12785
016040,BRIGNANO GERA D'ADDA,BERGAMO,3838,1819
015014,BASIANO,MILANO,2256,916
020062,SERRAVALLE A PO,MANTOVA,943,428
108036,ORNAGO,MONZA E DELLA BRIANZA,3251,1367
020015,CASTEL GOFFREDO,MANTOVA,6771,2908
012122,SOLBIATE OLONA,VARESE,3329,1602
013252,TREMEZZINA,COMO,3191,1445
020057,SAN GIORGIO BIGARELLO,MANTOVA,7290,3256
108037,RENATE,MONZA E DELLA BRIANZA,2659,1311
018088,MEDE,PAVIA,3932,2982
098012,CASELLE LURANI,LODI,1722,714
015146,MILANO,MILANO,846879,380750
015086,CORMANO,MILANO,12157,5582
017171,SAN FELICE DEL BENACO,BRESCIA,2025,928
016126,LEVATE,BERGAMO,2464,1080
020055,SAN BENEDETTO PO,MANTOVA,4175,1942
013083,CREMIA,COMO,415,170
018061,DORNO,PAVIA,2804,1258
015188,ROSATE,MILANO,3634,1513
013111,GRANDOLA ED UNITI,COMO,791,344
018046,CERTOSA DI PAVIA,PAVIA,3273,1390
015247,ZIBIDO SAN GIACOMO,MILANO,4143,1603
020060,SCHIVENOGLIA,MANTOVA,830,460
013087,DIZZASCO,COMO,530,326
019112,VAILATE,CREMONA,3000,1368
014046,NOVATE MEZZOLA,SONDRIO,1109,539
016088,CREDARO,BERGAMO,2070,1021
098019,CODOGNO,LODI,10084,4994
016027,BLELLO,BERGAMO,33,18
012140,VIZZOLA TICINO,VARESE,310,137
014033,GROSIO,SONDRIO,2899,1523
098028,GRAFFIGNANA,LODI,1747,870
019061,MOTTA BALUFFI,CREMONA,531,278
097049,MISSAGLIA,LECCO,5585,2405
012087,LAVENO-MOMBELLO,VARESE,5543,2967
016081,COMUN NUOVO,BERGAMO,2712,1177
019064,OSTIANO,CREMONA,1819,883
097039,IMBERSAGO,LECCO,1630,735
014071,VALDIDENTRO,SONDRIO,2272,1047
014014,CASTELLO DELL'ACQUA,SONDRIO,388,212
097024,COLLE BRIANZA,LECCO,1143,489
018185,ZECCONE,PAVIA,1071,392
018126,ROCCA SUSELLA,PAVIA,105,68
018175,VERRUA PO,PAVIA,852,396
108027,LIMBIATE,MONZA E DELLA BRIANZA,19946,9044
013044,CARATE URIO,COMO,784,385
018121,RETORBIDO,PAVIA,984,562
097013,CALOLZIOCORTE,LECCO,9297,4531
017080,GOTTOLENGO,BRESCIA,3120,1345
013201,ROVELLASCA,COMO,5000,2209
013106,GARZENO,COMO,505,223
020072,BORGO MANTOVANO,MANTOVA,3393,1565
017032,CALCINATO,BRESCIA,7315,2823
012108,OLGIATE OLONA,VARESE,7661,3489
017131,PAISCO LOVENO,BRESCIA,116,44
014009,BORMIO,SONDRIO,2456,1283
017200,VILLACHIARA,BRESCIA,898,390
014005,ARDENNO,SONDRIO,2155,1045
015062,CASTANO PRIMO,MILANO,6305,2943
097065,PASTURO,LECCO,1286,629
097083,VALMADRERA,LECCO,7652,3564
016247,COSTA SERINA,BERGAMO,495,258
012081,GRANTOLA,VARESE,732,322
098050,SANT'ANGELO LODIGIANO,LODI,7826,3813
015202,SAN ZENONE AL LAMBRO,MILANO,2806,1225
015249,VANZAGHELLO,MILANO,3083,1390
018076,GROPELLO CAIROLI,PAVIA,2809,1171
012125,TAINO,VARESE,2085,989
018183,VOLPARA,PAVIA,90,38
097019,CASTELLO DI BRIANZA,LECCO,1722,664
097043,LIERNA,LECCO,1402,602
016134,MEZZOLDO,BERGAMO,100,62
018086,MARCIGNAGO,PAVIA,1611,690
108019,CESANO MADERNO,MONZA E DELLA BRIANZA,23322,10403
016222,URGNANO,BERGAMO,6053,2667
017091,LOGRATO,BRESCIA,2566,1022
019048,GERRE DE' CAPRIOLI,CREMONA,842,433
017059,COLOGNE,BRESCIA,4802,1991
012128,TRAVEDONA-MONATE,VARESE,2403,1205
015076,CESATE,MILANO,8733,3752
013101,FIGINO SERENZA,COMO,3355,1437
016012,ARDESIO,BERGAMO,2154,1054
019018,CASALETTO CEREDANO,CREMONA,781,358
016110,GAVERINA TERME,BERGAMO,491,228
014055,RASURA,SONDRIO,182,82
IGNOTO,IGNOTO,IGNOTA,124649,55265
020030,MANTOVA,MANTOVA,29864,15701
017026,BRANDICO,BRESCIA,1065,389
017052,CHIARI,BRESCIA,12099,5494
015154,NERVIANO,MILANO,11018,5269
017011,BARBARIGA,BRESCIA,1524,630
108025,LAZZATE,MONZA E DELLA BRIANZA,5018,2137
016187,ROVETTA,BERGAMO,2773,1333
098061,ZELO BUON PERSICO,LODI,4602,1878
016133,MARTINENGO,BERGAMO,6155,2675
019043,FIESCO,CREMONA,738,335
017195,VEROLANUOVA,BRESCIA,5560,2364
016044,CALCIO,BERGAMO,3206,1810
013135,LUISAGO,COMO,1817,757
020052,RONCOFERRARO,MANTOVA,4260,1878
018004,ALBUZZANO,PAVIA,2230,1017
015210,SETTALA,MILANO,4526,1781
015081,COLOGNO MONZESE,MILANO,28377,12517
016243,VILMINORE DI SCALVE,BERGAMO,993,449
108052,CAPONAGO,MONZA E DELLA BRIANZA,3014,1191
017002,ADRO,BRESCIA,4708,1969
016013,ARZAGO D'ADDA,BERGAMO,1643,728
017119,NUVOLENTO,BRESCIA,2214,907
017149,PONTEVICO,BRESCIA,4807,2518
012078,GORLA MAGGIORE,VARESE,3218,1478
015209,SESTO SAN GIOVANNI,MILANO,48171,23741
013160,MUSSO,COMO,665,303
016124,LEFFE,BERGAMO,2844,1397
015002,ABBIATEGRASSO,MILANO,19980,9021
016197,SELVINO,BERGAMO,1203,554
016215,TORRE DE' BUSI,BERGAMO,1427,597
015050,CARPIANO,MILANO,2446,933
015226,TURBIGO,MILANO,4106,1908
018137,SAN MARTINO SICCOMARIO,PAVIA,4089,2034
015096,CUGGIONO,MILANO,4824,2126
014028,FAEDO VALTELLINO,SONDRIO,323,158
017099,MAIRANO,BRESCIA,2200,786
018164,TROMELLO,PAVIA,2156,994
017148,PONTE DI LEGNO,BRESCIA,1093,482
018155,TORRAZZA COSTE,PAVIA,933,508
019010,CAMISANO,CREMONA,823,401
098048,SAN MARTINO IN STRADA,LODI,2511,1119
019030,CICOGNOLO,CREMONA,567,277
018110,PAVIA,PAVIA,49819,26567
098047,SAN FIORANO,LODI,1217,521
017090,LODRINO,BRESCIA,1097,491
017030,BRIONE,BRESCIA,458,174
017153,PRESEGLIE,BRESCIA,960,409
017139,PERTICA ALTA,BRESCIA,316,135
012015,BISUSCHIO,VARESE,2665,1159
013110,GRANDATE,COMO,1918,883
013234,VALSOLDA,COMO,878,369
012064,DAVERIO,VARESE,1984,948
015222,TRIBIANO,MILANO,2241,850
015110,GREZZAGO,MILANO,1748,705
097003,ANNONE DI BRIANZA,LECCO,1551,717
012042,CASTELLANZA,VARESE,9084,4342
014073,VALFURVA,SONDRIO,1510,663
017089,LIMONE SUL GARDA,BRESCIA,600,232
016021,BARZANA,BERGAMO,1132,525
016193,SARNICO,BERGAMO,4236,2506
018064,FORTUNAGO,PAVIA,185,107
014031,GEROLA ALTA,SONDRIO,108,63
017061,CONCESIO,BRESCIA,10704,4854
017185,TIGNALE,BRESCIA,828,396
019089,SAN DANIELE PO,CREMONA,901,458
013169,OLTRONA DI SAN MAMETTE,COMO,1480,645
019002,AGNADELLO,CREMONA,2390,924
018033,CASEI GEROLA,PAVIA,1533,855
016015,AVIATICO,BERGAMO,307,144
012050,CISLAGO,VARESE,6373,2827
017117,NAVE,BRESCIA,7608,3396
019062,OFFANENGO,CREMONA,4052,1813
016062,CASTELLI CALEPIO,BERGAMO,6554,3452
017072,FLERO,BRESCIA,5879,2471
018153,STRADELLA,PAVIA,7034,3170
018034,CASORATE PRIMO,PAVIA,5283,1934
016087,COVO,BERGAMO,2476,1001
098033,MACCASTORNA,LODI,39,17
013037,CAGLIO,COMO,320,167
016232,VERDELLINO,BERGAMO,4146,1741
012040,CASSANO MAGNAGO,VARESE,13047,6107
018073,GODIASCO,PAVIA,2126,1281
016011,ARCENE,BERGAMO,2894,1374
098032,LODI VECCHIO,LODI,5032,2246
013009,ANZANO DEL PARCO,COMO,1259,579
017024,BOVEGNO,BRESCIA,1293,572
018173,VELLEZZO BELLINI,PAVIA,1834,731
017199,VILLA CARCINA,BRESCIA,7064,3268
015016,BELLINZAGO LOMBARDO,MILANO,2383,1064
097005,BARZAGO,LECCO,1656,688
098014,CASTIGLIONE D'ADDA,LODI,3043,1390
017065,DARFO BOARIO TERME,BRESCIA,10012,4914
017165,RONCADELLE,BRESCIA,6126,2546
017180,SOIANO DEL LAGO,BRESCIA,991,430
014062,SPRIANA,SONDRIO,49,25
016072,CHIGNOLO D'ISOLA,BERGAMO,1805,680
012123,SOMMA LOMBARDO,VARESE,10307,4968
012076,GERMIGNAGA,VARESE,2082,1055
017201,VILLANUOVA SUL CLISI,BRESCIA,3665,1758
098055,SORDIO,LODI,2173,902
018029,CANNETO PAVESE,PAVIA,804,379
108043,TRIUGGIO,MONZA E DELLA BRIANZA,5502,2678
014056,ROGOLO,SONDRIO,322,169
018024,BRONI,PAVIA,5541,2600
015022,BESATE,MILANO,1192,483
018040,CASTELNOVETTO,PAVIA,308,154
013183,PIANELLO DEL LARIO,COMO,691,370
012035,CARONNO VARESINO,VARESE,2880,1381
020041,PIUBEGA,MANTOVA,949,425
016226,VALLEVE,BERGAMO,82,45
016100,FIORANO AL SERIO,BERGAMO,1796,890
013055,CASSINA RIZZARDI,COMO,2067,890
018071,GERENZAGO,PAVIA,851,399
015105,GARBAGNATE MILANESE,MILANO,16489,7476
018117,PONTE NIZZA,PAVIA,543,384
019082,RIPALTA GUERINA,CREMONA,379,161
097012,CALCO,LECCO,3370,1355
017106,MARONE,BRESCIA,2091,970
016204,SOVERE,BERGAMO,3523,1867
018012,BATTUDA,PAVIA,387,150
098052,SECUGNAGO,LODI,1286,578
017113,MONTICHIARI,BRESCIA,14052,5484
018146,SARTIRANA LOMELLINA,PAVIA,1016,612
012075,GERENZANO,VARESE,6536,2867
017079,GIANICO,BRESCIA,1451,666
016055,CAROBBIO DEGLI ANGELI,BERGAMO,2670,1097
013138,LURATE CACCIVIO,COMO,6220,2862
097062,PADERNO D'ADDA,LECCO,2555,1161
013249,GRAVEDONA ED UNITI,COMO,2682,1336
015192,SAN DONATO MILANESE,MILANO,21225,9763
015122,LISCATE,MILANO,2473,935
012066,DUNO,VARESE,74,37
015169,PAULLO,MILANO,7503,3270
015250,BARANZATE,MILANO,5090,2133
097022,CIVATE,LECCO,2659,1331
014050,PIURO,SONDRIO,1193,552
016122,ISSO,BERGAMO,422,174
016118,GROMO,BERGAMO,744,404
013129,LIPOMO,COMO,3999,1862
013032,BRUNATE,COMO,1063,505
016140,MORENGO,BERGAMO,1543,735
019055,MADIGNANO,CREMONA,2011,912
020022,DOSOLO,MANTOVA,1932,883
016063,CASTEL ROZZONE,BERGAMO,1705,758
018001,ALAGNA,PAVIA,463,194
015191,SAN COLOMBANO AL LAMBRO,MILANO,5079,2686
016061,CASSIGLIO,BERGAMO,74,40
020054,SABBIONETA,MANTOVA,2186,1010
013047,CARLAZZO,COMO,1716,562
012104,MONVALLE,VARESE,1139,523
014049,PIATEDA,SONDRIO,1332,650
013255,SOLBIATE CON CAGNO,COMO,3027,1413
012134,VEDANO OLONA,VARESE,4641,2278
019020,CASALETTO VAPRIO,CREMONA,1090,449
016209,SUISIO,BERGAMO,2090,855
019054,IZANO,CREMONA,1366,576
012068,FERNO,VARESE,3858,1659
018067,GAMBARANA,PAVIA,122,74
018022,BREME,PAVIA,385,262
097017,CASSAGO BRIANZA,LECCO,2871,1314
019099,SOSPIRO,CREMONA,2241,1525
018095,MONTEBELLO DELLA BATTAGLIA,PAVIA,984,552
017147,PONCARALE,BRESCIA,3639,1474
017176,SELLERO,BRESCIA,1011,541
015167,PANTIGLIATE,MILANO,3776,1545
019072,PIANENGO,CREMONA,1721,769
019011,CAMPAGNOLA CREMASCA,CREMONA,498,222
017071,FIESSE,BRESCIA,1236,551
016111,GAZZANIGA,BERGAMO,2969,1465
013145,MENAGGIO,COMO,2065,995
013064,CERMENATE,COMO,5714,2473
018078,LANDRIANO,PAVIA,3838,1610
017083,INCUDINE,BRESCIA,221,115
016144,NEMBRO,BERGAMO,7055,3237
016253,VAL BREMBILLA,BERGAMO,2667,1391
014026,DELEBIO,SONDRIO,2000,980
013128,LIMIDO COMASCO,COMO,2065,826
016166,PIAZZOLO,BERGAMO,64,28
014013,CASPOGGIO,SONDRIO,899,409
098042,ORIO LITTA,LODI,1247,597
016160,PEDRENGO,BERGAMO,3708,1569
013041,CANTU',COMO,25960,11169
018100,MONTU' BECCARIA,PAVIA,1009,467
015194,SAN GIORGIO SU LEGNANO,MILANO,4139,1901
013048,CARUGO,COMO,4160,1601
098008,CASALETTO LODIGIANO,LODI,1796,768
018145,SAN ZENONE AL PO,PAVIA,306,166
016052,CAPRINO BERGAMASCO,BERGAMO,1800,815
016010,ANTEGNATE,BERGAMO,1835,768
015051,CARUGATE,MILANO,9516,3895
016136,MOIO DE' CALVI,BERGAMO,121,68
017066,DELLO,BRESCIA,3460,1336
012008,BARASSO,VARESE,1120,657
013065,CERNOBBIO,COMO,4318,2049
015005,ALBAIRATE,MILANO,2967,1269
013253,ALTA VALLE INTELVI,COMO,1880,777
016114,GORLAGO,BERGAMO,3170,1470
097038,GARLATE,LECCO,1758,893
016029,BOLTIERE,BERGAMO,3452,1407
012010,BEDERO VALCUVIA,VARESE,380,164
098009,CASALMAIOCCO,LODI,2104,861
020019,CERESARA,MANTOVA,1493,692
016020,BARIANO,BERGAMO,2617,1165
017037,CAPRIANO DEL COLLE,BRESCIA,3213,1271
018101,MORNICO LOSANA,PAVIA,365,189
020058,SAN GIOVANNI DEL DOSSO,MANTOVA,735,293
012065,DUMENZA,VARESE,767,350
017112,MONTICELLI BRUSATI,BRESCIA,3121,1360
017105,MARMENTINO,BRESCIA,435,171
098060,VILLANOVA DEL SILLARO,LODI,1106,444
013040,CAMPIONE D'ITALIA,COMO,271,181
097001,ABBADIA LARIANA,LECCO,2090,937
014023,COLORINA,SONDRIO,879,404
016225,VALGOGLIO,BERGAMO,319,282
098054,SOMAGLIA,LODI,2443,1043
018065,FRASCAROLO,PAVIA,673,328
019044,FORMIGARA,CREMONA,641,318
018166,VAL DI NIZZA,PAVIA,388,263
016248,ALGUA,BERGAMO,370,192
017018,BIENNO,BRESCIA,2688,1412
014066,TIRANO,SONDRIO,6126,3290
020025,GAZZUOLO,MANTOVA,1250,623
020011,CASALOLDO,MANTOVA,1419,637
016182,ROGNO,BERGAMO,2629,1269
012099,MARZIO,VARESE,195,114
018191,CORNALE E BASTIDA,PAVIA,493,269
015115,LACCHIARELLA,MILANO,5636,2301
098036,MARUDO,LODI,969,457
018108,PANCARANA,PAVIA,194,102
014045,MORBEGNO,SONDRIO,8274,4281
016208,STROZZA,BERGAMO,658,357
013216,SORICO,COMO,752,308
015184,ROBECCO SUL NAVIGLIO,MILANO,4339,1839
016157,PALOSCO,BERGAMO,3674,1957
016067,CAZZANO SANT'ANDREA,BERGAMO,869,352
013063,CERANO D'INTELVI,COMO,386,174
014036,LANZADA,SONDRIO,922,409
013139,MAGREGLIO,COMO,435,228
014020,CHIURO,SONDRIO,1560,853
018066,GALLIAVOLA,PAVIA,95,63
016034,BOTTANUCO,BERGAMO,2937,1302
013242,VERTEMATE CON MINOPRIO,COMO,2571,1129
097031,DOLZAGO,LECCO,1747,750
018011,BASTIDA PANCARANA,PAVIA,599,304
015221,TREZZO SULL'ADDA,MILANO,7557,3656
019070,PESSINA CREMONESE,CREMONA,354,196
015113,INVERUNO,MILANO,5416,2424
016026,BIANZANO,BERGAMO,352,156
019040,DEROVERE,CREMONA,189,101
097093,VALVARRONE,LECCO,340,208
016216,TORRE DE' ROVERI,BERGAMO,1536,629
017121,ODOLO,BRESCIA,1135,474
018084,LUNGAVILLA,PAVIA,1491,737
012096,MALNATE,VARESE,10091,4985
017054,CIMBERGO,BRESCIA,378,177
097030,DERVIO,LECCO,1800,937
017009,BAGNOLO MELLA,BRESCIA,8289,3630
017094,LOSINE,BRESCIA,404,219
020013,CASTELBELFORTE,MANTOVA,1798,710
016019,BARBATA,BERGAMO,437,186
016217,TORRE PALLAVICINA,BERGAMO,656,351
019097,SONCINO,CREMONA,5006,3096
013098,FAGGETO LARIO,COMO,786,339
015026,BOFFALORA SOPRA TICINO,MILANO,2646,1086
017140,PERTICA BASSA,BRESCIA,379,175
018038,CASTELLETTO DI BRANDUZZO,PAVIA,651,326
018189,ZERBOLO',PAVIA,943,402
020046,QUINGENTOLE,MANTOVA,686,308
013126,LEZZENO,COMO,1177,515
013203,SALA COMACINA,COMO,353,215
019024,CASTEL GABBIANO,CREMONA,261,120
012044,CASTELSEPRIO,VARESE,849,418
019053,ISOLA DOVARESE,CREMONA,812,427
019026,CASTELVERDE,CREMONA,3646,1887
013071,CLAINO CON OSTENO,COMO,310,126
098051,SANTO STEFANO LODIGIANO,LODI,1130,472
015185,RODANO,MILANO,3037,1241
018062,FERRERA ERBOGNONE,PAVIA,633,320
016048,CAMERATA CORNELLO,BERGAMO,344,165
013075,COMO,COMO,54570,26727
019068,PERSICO DOSIMO,CREMONA,2180,1054
012046,CASTIGLIONE OLONA,VARESE,4873,2280
016073,CHIUDUNO,BERGAMO,3829,1730
016164,PIAZZA BREMBANA,BERGAMO,816,491
015139,MEDIGLIA,MILANO,7489,3073
097067,PERLEDO,LECCO,625,383
015071,CERRO AL LAMBRO,MILANO,3456,1572
019045,GABBIONETA BINANUOVA,CREMONA,546,262
016078,COLERE,BERGAMO,816,315
017049,CERVENO,BRESCIA,474,247
097050,MOGGIO,LECCO,299,175
012129,TRONZANO LAGO MAGGIORE,VARESE,119,57
015144,MESERO,MILANO,2588,1097
017136,PASSIRANO,BRESCIA,4819,2071
013184,PIGRA,COMO,164,54
017085,ISEO,BRESCIA,6238,3764
017150,PONTOGLIO,BRESCIA,4319,2289
018090,MEZZANA BIGLI,PAVIA,629,361
017155,PREVALLE,BRESCIA,3513,1396
097032,DORIO,LECCO,234,138
019034,CREDERA RUBBIANO,CREMONA,1115,502
108012,BRUGHERIO,MONZA E DELLA BRIANZA,21696,9422
016142,MOZZANICA,BERGAMO,2847,1202
018036,CASTANA,PAVIA,471,199
013005,ALBIOLO,COMO,1663,693
015059,CASSANO D'ADDA,MILANO,11666,5146
016022,BEDULITA,BERGAMO,451,260
017068,EDOLO,BRESCIA,2908,1496
108021,CONCOREZZO,MONZA E DELLA BRIANZA,10029,4455
013147,MERONE,COMO,2832,1191
013206,SAN FERMO DELLA BATTAGLIA,COMO,5198,2450
016251,SOLZA,BERGAMO,1170,447
018168,VALLE LOMELLINA,PAVIA,1040,515
014048,PIANTEDO,SONDRIO,818,348
108015,CARATE BRIANZA,MONZA E DELLA BRIANZA,11825,5448
018163,TRIVOLZIO,PAVIA,1465,566
108029,MACHERIO,MONZA E DELLA BRIANZA,4713,2095
015168,PARABIAGO,MILANO,17385,7805
018190,ZINASCO,PAVIA,1956,845
015159,OPERA,MILANO,9325,4442
098057,TERRANOVA DEI PASSERINI,LODI,571,231
012100,MASCIAGO PRIMO,VARESE,145,66
015251,VERMEZZO CON ZELO,MILANO,3255,1277
018158,TORRE DE' NEGRI,PAVIA,215,112
018124,ROBECCO PAVESE,PAVIA,349,174
015061,CASSINETTA DI LUGAGNANO,MILANO,1161,532
017169,SALE MARASINO,BRESCIA,2236,1086
014068,TOVO DI SANT'AGATA,SONDRIO,390,185
013025,BLESSAGNO,COMO,165,79
098003,BOFFALORA D'ADDA,LODI,1184,524
098024,CORTE PALASIO,LODI,989,418
014060,SONDALO,SONDRIO,2599,1440
017007,ARTOGNE,BRESCIA,2268,998
020036,MONZAMBANO,MANTOVA,2511,1060
018026,CAMPOSPINOSO,PAVIA,666,333
016135,MISANO DI GERA D'ADDA,BERGAMO,1856,794
019013,CAPPELLA CANTONE,CREMONA,355,160
015082,COLTURANO,MILANO,1202,447
012106,MORNAGO,VARESE,3040,1380
018180,VILLANTERIO,PAVIA,1933,998
012137,VENEGONO SUPERIORE,VARESE,4505,1985
097026,COSTA MASNAGA,LECCO,3240,1442
015175,PIOLTELLO,MILANO,20479,8226
018130,ROSASCO,PAVIA,338,173
020033,MARMIROLO,MANTOVA,4602,2046
013250,BELLAGIO,COMO,2500,1296
108014,CAMPARADA,MONZA E DELLA BRIANZA,1296,586
108034,MUGGIO',MONZA E DELLA BRIANZA,14402,6258
014043,MESE,SONDRIO,1088,492
013042,CANZO,COMO,3531,1740
108051,BUSNAGO,MONZA E DELLA BRIANZA,4006,1678
098058,TURANO LODIGIANO,LODI,935,405
012141,SANGIANO,VARESE,820,423
015236,VERNATE,MILANO,1956,745
012113,PORTO CERESIO,VARESE,1725,824
017025,BOVEZZO,BRESCIA,5194,2319
